repo,sha,parent_sha,author,before_files,after_files,before_nloc,after_nloc,delta_nloc,before_ccn_sum,after_ccn_sum,delta_ccn_sum,before_ccn_mean,after_ccn_mean,delta_ccn_mean,additions,deletions,linhas_adicionadas_por_delta_ccn,path_before,path_after,linhas_por_abs_delta_ccn
827362/based,e990bf60afd119c77cb6979a2ce5fa8d0bbd8275,74296dd714496141a2b5050eb63de71606433fd0,827362,93,93,13760,13761,1,468,468,0,1.481,1.481,0.0,1,0,,analises_projeto_lote/827362_based_e990bf6_1756651708/before,analises_projeto_lote/827362_based_e990bf6_1756651708/after,0.0
827362/based,74296dd714496141a2b5050eb63de71606433fd0,bc15be0f090ea3198ca8d03d8f1124dc8465e5fe,827362,94,93,13791,13760,-31,471,468,-3,1.476,1.481,0.005,111,162,37.0,analises_projeto_lote/827362_based_74296dd_1756651718/before,analises_projeto_lote/827362_based_74296dd_1756651718/after,37.0
827362/based,48c8084fbddc04c8e0721c9e682815e93721985d,740a25d0b081c795c9494a2996f566595069a216,827362,78,78,8688,8688,0,398,398,0,1.458,1.458,0.0,1,0,,analises_projeto_lote/827362_based_48c8084_1756651727/before,analises_projeto_lote/827362_based_48c8084_1756651727/after,0.0
827362/based,70839b7f8e0dce13fd8e425172cdbb4cfcdc6ff0,7f077c60032016870d18bb04835d6873e65c261a,827362,83,84,8862,9033,171,417,421,4,1.414,1.413,-0.001,179,4,44.75,analises_projeto_lote/827362_based_70839b7_1756651735/before,analises_projeto_lote/827362_based_70839b7_1756651735/after,44.75
827362/based,9bc90b0c7770caffb68dfdd6d907fea8d399097c,6372dddd4b364c37b494375f3d3a69c3299f4b8e,827362,76,76,8423,8426,3,385,385,0,1.447,1.447,0.0,4,1,,analises_projeto_lote/827362_based_9bc90b0_1756651743/before,analises_projeto_lote/827362_based_9bc90b0_1756651743/after,0.0
827362/based,6372dddd4b364c37b494375f3d3a69c3299f4b8e,86924fff61ab8d6b4b1a10a500f8e236c0997808,827362,75,76,8271,8423,152,365,385,20,1.42,1.447,0.027,360,166,18.0,analises_projeto_lote/827362_based_6372ddd_1756651750/before,analises_projeto_lote/827362_based_6372ddd_1756651750/after,18.0
827362/based,93584d750b95891bbdd76191596d3ea869a416b3,929526299a7da8ff6babddcb92031dd1b8fd008b,827362,62,62,7153,7616,463,273,297,24,1.437,1.456,0.019,293,82,12.208,analises_projeto_lote/827362_based_93584d7_1756651758/before,analises_projeto_lote/827362_based_93584d7_1756651758/after,12.208
awano27/ai-news-site,6647923c4870b2ffb45ec81815f22823b89d2eab,6e3f1d9ca3a2767f901b1f1ae7ba727521157511,github-actions[bot],248,248,61601,61676,75,1781,1781,0,4.355,4.355,0.0,423,380,,analises_projeto_lote/awano27_ai-news-site_6647923_1756651765/before,analises_projeto_lote/awano27_ai-news-site_6647923_1756651765/after,0.0
OpenTermsArchive/GenAI-snapshots,24c7e904a69e829e1f97dbe4cb6097ae37d4408c,d0f18ff85f4c734c99e9e698d90aa042a9c46fb8,OTA-Bot,157,157,65302,65302,0,4247,4247,0,3.875,3.875,0.0,2,2,,analises_projeto_lote/OpenTermsArchive_GenAI-snapshots_24c7e90_1756652375/before,analises_projeto_lote/OpenTermsArchive_GenAI-snapshots_24c7e90_1756652375/after,0.0
OpenTermsArchive/GenAI-snapshots,d0f18ff85f4c734c99e9e698d90aa042a9c46fb8,da894d954195ebd8da0161ed08ba0ac403465f18,OTA-Bot,157,157,65302,65302,0,4247,4247,0,3.875,3.875,0.0,1,1,,analises_projeto_lote/OpenTermsArchive_GenAI-snapshots_d0f18ff_1756652426/before,analises_projeto_lote/OpenTermsArchive_GenAI-snapshots_d0f18ff_1756652426/after,0.0
OpenTermsArchive/GenAI-snapshots,da894d954195ebd8da0161ed08ba0ac403465f18,d1e782f26355f60340b8b63f4460c6b344b2ba0d,OTA-Bot,157,157,65302,65302,0,4247,4247,0,3.875,3.875,0.0,2,2,,analises_projeto_lote/OpenTermsArchive_GenAI-snapshots_da894d9_1756652483/before,analises_projeto_lote/OpenTermsArchive_GenAI-snapshots_da894d9_1756652483/after,0.0
OpenTermsArchive/GenAI-snapshots,d1e782f26355f60340b8b63f4460c6b344b2ba0d,d6df3a694b5eac0d6a01dde9a7776f42d18b39ee,OTA-Bot,157,157,65302,65302,0,4247,4247,0,3.875,3.875,0.0,2,2,,analises_projeto_lote/OpenTermsArchive_GenAI-snapshots_d1e782f_1756652536/before,analises_projeto_lote/OpenTermsArchive_GenAI-snapshots_d1e782f_1756652536/after,0.0
OpenTermsArchive/GenAI-snapshots,e838be20a61c15ddcd8b329dba802499e1713b1a,83d4d46c2d2ff5b10b3459d21839b038c3f6160f,OTA-Bot,157,157,65302,65302,0,4247,4247,0,3.875,3.875,0.0,1,1,,analises_projeto_lote/OpenTermsArchive_GenAI-snapshots_e838be2_1756652590/before,analises_projeto_lote/OpenTermsArchive_GenAI-snapshots_e838be2_1756652590/after,0.0
OpenTermsArchive/GenAI-snapshots,d6df3a694b5eac0d6a01dde9a7776f42d18b39ee,e838be20a61c15ddcd8b329dba802499e1713b1a,OTA-Bot,157,157,65302,65302,0,4247,4247,0,3.875,3.875,0.0,2,2,,analises_projeto_lote/OpenTermsArchive_GenAI-snapshots_d6df3a6_1756652641/before,analises_projeto_lote/OpenTermsArchive_GenAI-snapshots_d6df3a6_1756652641/after,0.0
OpenTermsArchive/GenAI-snapshots,83d4d46c2d2ff5b10b3459d21839b038c3f6160f,a951a46e8fe9a5f0aacbe1734e1ea6590a6d914a,OTA-Bot,157,157,65302,65302,0,4247,4247,0,3.875,3.875,0.0,2,2,,analises_projeto_lote/OpenTermsArchive_GenAI-snapshots_83d4d46_1756652700/before,analises_projeto_lote/OpenTermsArchive_GenAI-snapshots_83d4d46_1756652700/after,0.0
OpenTermsArchive/GenAI-snapshots,a951a46e8fe9a5f0aacbe1734e1ea6590a6d914a,e3aa1d5a4f6d392f64cac00a76fd36fe109b8b17,OTA-Bot,157,157,65302,65302,0,4247,4247,0,3.875,3.875,0.0,2,2,,analises_projeto_lote/OpenTermsArchive_GenAI-snapshots_a951a46_1756652752/before,analises_projeto_lote/OpenTermsArchive_GenAI-snapshots_a951a46_1756652752/after,0.0
OpenTermsArchive/GenAI-snapshots,e3aa1d5a4f6d392f64cac00a76fd36fe109b8b17,6b8a60692c224d48ac01316b0cc7549a5e0b61e4,OTA-Bot,157,157,65302,65302,0,4247,4247,0,3.875,3.875,0.0,1,1,,analises_projeto_lote/OpenTermsArchive_GenAI-snapshots_e3aa1d5_1756652804/before,analises_projeto_lote/OpenTermsArchive_GenAI-snapshots_e3aa1d5_1756652804/after,0.0
OpenTermsArchive/GenAI-snapshots,6b8a60692c224d48ac01316b0cc7549a5e0b61e4,c8c37a02df1b1f3d264e991a54a499709bfa3a34,OTA-Bot,157,157,65302,65302,0,4247,4247,0,3.875,3.875,0.0,1,1,,analises_projeto_lote/OpenTermsArchive_GenAI-snapshots_6b8a606_1756652851/before,analises_projeto_lote/OpenTermsArchive_GenAI-snapshots_6b8a606_1756652851/after,0.0
OpenTermsArchive/GenAI-snapshots,c8c37a02df1b1f3d264e991a54a499709bfa3a34,0d981dae1bd7b6315bb560754fc24d7d1aceddc8,OTA-Bot,157,157,65302,65302,0,4247,4247,0,3.875,3.875,0.0,2,2,,analises_projeto_lote/OpenTermsArchive_GenAI-snapshots_c8c37a0_1756652899/before,analises_projeto_lote/OpenTermsArchive_GenAI-snapshots_c8c37a0_1756652899/after,0.0
OpenTermsArchive/GenAI-snapshots,0d981dae1bd7b6315bb560754fc24d7d1aceddc8,30962b9647b8dc9722484e219da442eba3649bd3,OTA-Bot,157,157,65302,65302,0,4247,4247,0,3.875,3.875,0.0,2,2,,analises_projeto_lote/OpenTermsArchive_GenAI-snapshots_0d981da_1756652947/before,analises_projeto_lote/OpenTermsArchive_GenAI-snapshots_0d981da_1756652947/after,0.0
OpenTermsArchive/GenAI-snapshots,30962b9647b8dc9722484e219da442eba3649bd3,8e92dbb3ba71459024f19f00b8f4f116cc2954b6,OTA-Bot,157,157,65302,65302,0,4247,4247,0,3.875,3.875,0.0,2,2,,analises_projeto_lote/OpenTermsArchive_GenAI-snapshots_30962b9_1756652994/before,analises_projeto_lote/OpenTermsArchive_GenAI-snapshots_30962b9_1756652994/after,0.0
OpenTermsArchive/GenAI-snapshots,8e92dbb3ba71459024f19f00b8f4f116cc2954b6,03f3e44d26f1cd7ca1c5bbad38fef9d2c1d21ac7,OTA-Bot,157,157,65302,65302,0,4247,4247,0,3.875,3.875,0.0,1,1,,analises_projeto_lote/OpenTermsArchive_GenAI-snapshots_8e92dbb_1756653041/before,analises_projeto_lote/OpenTermsArchive_GenAI-snapshots_8e92dbb_1756653041/after,0.0
OpenTermsArchive/GenAI-snapshots,03f3e44d26f1cd7ca1c5bbad38fef9d2c1d21ac7,809b2c0db5f22095d8fbd09a48d440a9f60a24c7,OTA-Bot,157,157,65302,65302,0,4247,4247,0,3.875,3.875,0.0,2,2,,analises_projeto_lote/OpenTermsArchive_GenAI-snapshots_03f3e44_1756653089/before,analises_projeto_lote/OpenTermsArchive_GenAI-snapshots_03f3e44_1756653089/after,0.0
unreal-art/console,61d5da56aff54370161617c66b129202bc184185,38da6605bd164d09d8cce255f886081b6f7059a0,laciferin2024,115,141,11135,13726,2591,701,1261,560,1.504,1.925,0.421,4691,1077,8.377,analises_projeto_lote/unreal-art_console_61d5da5_1756653140/before,analises_projeto_lote/unreal-art_console_61d5da5_1756653140/after,8.377
rubenayla/partle,f491cf22762c7080df6e0acb3a3c63d543ffe5a7,7d2047f98fa9ee04fb1556a79d4c9b5e4a4f12c2,rubenayla,233,236,55499,55576,77,2584,2584,0,3.822,3.822,0.0,89,0,,analises_projeto_lote/rubenayla_partle_f491cf2_1756654349/before,analises_projeto_lote/rubenayla_partle_f491cf2_1756654349/after,0.0
rubenayla/partle,2b6f93b5c642af0840a6ed9e0420d31968155c07,48edc24274eecc6d63fd11c5281afb5f2475a345,rubenayla,224,227,54203,54801,598,2478,2478,0,3.933,3.933,0.0,729,0,,analises_projeto_lote/rubenayla_partle_2b6f93b_1756654374/before,analises_projeto_lote/rubenayla_partle_2b6f93b_1756654374/after,0.0
rubenayla/partle,48edc24274eecc6d63fd11c5281afb5f2475a345,b63e7f3c075f767c842928b8fad67ae8313b75cf,rubenayla,222,224,54034,54203,169,2464,2478,14,3.949,3.933,-0.016,217,0,15.5,analises_projeto_lote/rubenayla_partle_48edc24_1756654400/before,analises_projeto_lote/rubenayla_partle_48edc24_1756654400/after,15.5
rubenayla/partle,b63e7f3c075f767c842928b8fad67ae8313b75cf,083a3f0f882197a86f19c4016078d7336ac43ad0,rubenayla,215,222,50432,54034,3602,1341,2464,1123,2.386,3.949,1.563,4711,0,4.195,analises_projeto_lote/rubenayla_partle_b63e7f3_1756654425/before,analises_projeto_lote/rubenayla_partle_b63e7f3_1756654425/after,4.195
rubenayla/partle,083a3f0f882197a86f19c4016078d7336ac43ad0,1a79d7f7a91d338f0d1a901d8da3b4ecf6e7cfbb,rubenayla,215,215,50428,50432,4,1341,1341,0,2.386,2.386,0.0,441,10,,analises_projeto_lote/rubenayla_partle_083a3f0_1756654449/before,analises_projeto_lote/rubenayla_partle_083a3f0_1756654449/after,0.0
marekprusinski/ai_team,59de8c8ad5bfade78ba75e57eca26d9713fc4a78,6eb61d4dd8c32b0278e417cb6537bdb680bf2f9d,marekprusinski,77,82,27977,29061,1084,222,277,55,1.542,1.659,0.117,1304,102,23.709,analises_projeto_lote/marekprusinski_ai_team_59de8c8_1756654474/before,analises_projeto_lote/marekprusinski_ai_team_59de8c8_1756654474/after,23.709
Nostalagic-ash777/MindCare_AI,10dc9e7789d1f582228b4f8e325cf74594c90404,de5e3f2fa3c90158e431ec7fd3b4f5b41a772c71,Nostalagic-ash777,16,16,915,915,0,6,6,0,1.5,1.5,0.0,0,0,,analises_projeto_lote/Nostalagic-ash777_MindCare_AI_10dc9e7_1756654481/before,analises_projeto_lote/Nostalagic-ash777_MindCare_AI_10dc9e7_1756654481/after,0.0
naoota12345678/jyoseikinrescue,1191c94f3680ac0654a1adf6e570525b1ba96fd3,d8bbcf952c5004cb3b5723c5a8c8641767e03faa,maruyamadr,72,72,27426,28175,749,571,571,0,3.021,3.021,0.0,923,0,,analises_projeto_lote/naoota12345678_jyoseikinrescue_1191c94_1756654488/before,analises_projeto_lote/naoota12345678_jyoseikinrescue_1191c94_1756654488/after,0.0
afshinm/semantic-kernel-js,71897a8dc216a68a324b3e2ea3272f60d9d5321c,fc7789afdc43ccef2c5921e4a28a92512ca47d88,Copilot,213,215,34210,34381,171,803,821,18,1.809,1.796,-0.013,243,2,13.5,analises_projeto_lote/afshinm_semantic-kernel-js_71897a8_1756654496/before,analises_projeto_lote/afshinm_semantic-kernel-js_71897a8_1756654496/after,13.5
naoota12345678/jyoseikinrescue,d8bbcf952c5004cb3b5723c5a8c8641767e03faa,b1d4dd54bdd2e2f3bff10d109e0764596d1b3738,maruyamadr,70,72,27003,27426,423,503,571,68,2.994,3.021,0.027,609,61,8.956,analises_projeto_lote/naoota12345678_jyoseikinrescue_d8bbcf9_1756654511/before,analises_projeto_lote/naoota12345678_jyoseikinrescue_d8bbcf9_1756654511/after,8.956
naoota12345678/jyoseikinrescue,b1d4dd54bdd2e2f3bff10d109e0764596d1b3738,d018e61c8e633329654ab807e26f164bf439d54d,maruyamadr,70,70,26375,27003,628,494,503,9,2.958,2.994,0.036,827,56,91.889,analises_projeto_lote/naoota12345678_jyoseikinrescue_b1d4dd5_1756654520/before,analises_projeto_lote/naoota12345678_jyoseikinrescue_b1d4dd5_1756654520/after,91.889
redandcold/LLM-language-learning-app,6801035b04c86eefe6f1101edc0e3a7000833edf,cefe96dc29cbdbe55ccca1c27fea673d1d5f220b,redandcold,37,36,10956,10951,-5,367,424,57,2.062,2.029,-0.033,1066,207,18.702,analises_projeto_lote/redandcold_LLM-language-learning-app_6801035_1756654529/before,analises_projeto_lote/redandcold_LLM-language-learning-app_6801035_1756654529/after,18.702
GUESTVALENCIA/SANDRA_IA_7.0,b2b9af5283f27fc917ef91e7064f3b4e1e286f8a,ed12704443449a118e35192f9f864c28ed253a97,GUESTVALENCIA,39,41,22114,22540,426,1344,1411,67,2.077,2.09,0.013,566,0,8.448,analises_projeto_lote/GUESTVALENCIA_SANDRA_IA_7.0_b2b9af5_1756654535/before,analises_projeto_lote/GUESTVALENCIA_SANDRA_IA_7.0_b2b9af5_1756654535/after,8.448
GUESTVALENCIA/SANDRA_IA_7.0,ed12704443449a118e35192f9f864c28ed253a97,9e0f4b50c4da9922cac7a241acbc5312dbda7992,GUESTVALENCIA,35,39,21307,22114,807,1258,1344,86,2.062,2.077,0.015,1641,538,19.081,analises_projeto_lote/GUESTVALENCIA_SANDRA_IA_7.0_ed12704_1756654543/before,analises_projeto_lote/GUESTVALENCIA_SANDRA_IA_7.0_ed12704_1756654543/after,19.081
Nostalagic-ash777/MindCare_AI,a4d31733489fb1035cfcc3ba91cda3296177e8ac,dacca9c25422d18b2c83f7a0933b7dc7aafe14fc,Nostalagic-ash777,1,2,17,32,15,0,0,0,0.0,0.0,0.0,27,0,,analises_projeto_lote/Nostalagic-ash777_MindCare_AI_a4d3173_1756654550/before,analises_projeto_lote/Nostalagic-ash777_MindCare_AI_a4d3173_1756654550/after,0.0
contactevin2u/orderops-fullstack,8cde6d1778b7397703006604cad5619da04cf56d,a3cf613059e6cbb3a66b5fb63522dbd36f15c4bc,contactevin2u,245,245,35901,35904,3,2093,2093,0,2.4,2.4,0.0,10,7,,analises_projeto_lote/contactevin2u_orderops-fullstack_8cde6d1_1756655155/before,analises_projeto_lote/contactevin2u_orderops-fullstack_8cde6d1_1756655155/after,0.0
johnmichaelkuczynski/CognitiveEnhancer,6b3d8c5401a50d9aa52ec1c9aa35e3b27c79e0c1,cd00317e81465dcde3046b3b96c3bb48a65c712d,johnmichaelkucz,105,105,45390,45401,11,598,600,2,1.586,1.587,0.001,19,6,9.5,analises_projeto_lote/johnmichaelkuczynski_CognitiveEnhancer_6b3d8c5_1756655164/before,analises_projeto_lote/johnmichaelkuczynski_CognitiveEnhancer_6b3d8c5_1756655164/after,9.5
johnhughes3/llm-burst,769358a433fc009c911665eba560d9f5425036bb,d8da7c60921a9fd4c62775c0433456ba075fcd0c,jj3ny,71,81,23149,26567,3418,1115,1931,816,3.805,3.442,-0.363,4697,171,5.756,analises_projeto_lote/johnhughes3_llm-burst_769358a_1756655178/before,analises_projeto_lote/johnhughes3_llm-burst_769358a_1756655178/after,5.756
chasemarshall/scope,6bddff34c3ee490a93f351349e170ef62f081a75,1b6e02e23815957586d1cf071365b4931638a0d0,chasemarshall,36,36,9473,9473,0,229,229,0,2.245,2.245,0.0,1,1,,analises_projeto_lote/chasemarshall_scope_6bddff3_1756655188/before,analises_projeto_lote/chasemarshall_scope_6bddff3_1756655188/after,0.0
chasemarshall/scope,1b6e02e23815957586d1cf071365b4931638a0d0,e237c30981901798ed08ae55a16486093b98341d,chasemarshall,35,36,9365,9473,108,199,229,30,2.211,2.245,0.034,289,8,9.633,analises_projeto_lote/chasemarshall_scope_1b6e02e_1756655195/before,analises_projeto_lote/chasemarshall_scope_1b6e02e_1756655195/after,9.633
daoch4n/mcp-devtools,9b94569b1c0f8c059b745e1dd478600591666889,497dba548d591b6970d59c9d214277dfea0919ef,daoch4n,41,41,6585,6587,2,337,337,0,3.624,3.624,0.0,2,0,,analises_projeto_lote/daoch4n_mcp-devtools_9b94569_1756655201/before,analises_projeto_lote/daoch4n_mcp-devtools_9b94569_1756655201/after,0.0
Amberh2616/STYLEMATE,ebac1bbd1da06f169d52b0bffad8595a0a8aee8e,c3840a05dfcd1586c6e456416ae5a11f883ec86d,Amberh2616,894,743,709766,590355,-119411,5538,5811,273,2.815,2.844,0.029,6501,1192,23.813,analises_projeto_lote/Amberh2616_STYLEMATE_ebac1bb_1756655208/before,analises_projeto_lote/Amberh2616_STYLEMATE_ebac1bb_1756655208/after,23.813
ChrisChoTW/ChrisChoTW.github.io,95b3a9b2299ceae09c90a9e1729f1af77719b3d9,4a049661e158fc93b6d547f9fd0e985ad1126d5a,ChrisChoTW,0,0,0,0,0,0,0,0,0.0,0.0,0.0,87,0,,analises_projeto_lote/ChrisChoTW_ChrisChoTW.github.io_95b3a9b_1756655425/before,analises_projeto_lote/ChrisChoTW_ChrisChoTW.github.io_95b3a9b_1756655425/after,0.0
theopenco/llmgateway,d302f2258f28cc790ae83745321dd679136ff534,c8c35cccd2ce1743bb59ae49c9b6ba002b3793e9,steebchen,516,517,143869,144214,345,2862,2873,11,1.89,1.884,-0.006,500,95,45.455,analises_projeto_lote/theopenco_llmgateway_d302f22_1756655430/before,analises_projeto_lote/theopenco_llmgateway_d302f22_1756655430/after,45.455
OpenTermsArchive/GenAI-snapshots,eae58bec727aa4a98deb0a47db4d329da0577ad2,8697a1966255c11e66959b22fcbc14f0d2e2bce1,OTA-Bot,157,157,65527,65527,0,4251,4251,0,3.858,3.858,0.0,2,2,,analises_projeto_lote/OpenTermsArchive_GenAI-snapshots_eae58be_1756655454/before,analises_projeto_lote/OpenTermsArchive_GenAI-snapshots_eae58be_1756655454/after,0.0
OpenTermsArchive/GenAI-snapshots,8697a1966255c11e66959b22fcbc14f0d2e2bce1,92d6921d78ef692e7ded0929d34ed94453345c3d,OTA-Bot,157,157,65527,65527,0,4251,4251,0,3.858,3.858,0.0,2,2,,analises_projeto_lote/OpenTermsArchive_GenAI-snapshots_8697a19_1756655502/before,analises_projeto_lote/OpenTermsArchive_GenAI-snapshots_8697a19_1756655502/after,0.0
OpenTermsArchive/GenAI-snapshots,92d6921d78ef692e7ded0929d34ed94453345c3d,26d41796ce6f8bae81a31c8b53d45bc8f3dcec41,OTA-Bot,157,157,65527,65527,0,4251,4251,0,3.858,3.858,0.0,2,2,,analises_projeto_lote/OpenTermsArchive_GenAI-snapshots_92d6921_1756655549/before,analises_projeto_lote/OpenTermsArchive_GenAI-snapshots_92d6921_1756655549/after,0.0
OpenTermsArchive/GenAI-snapshots,26d41796ce6f8bae81a31c8b53d45bc8f3dcec41,299402b0e9a7784461830ae839d457c9b3670b70,OTA-Bot,157,157,65527,65527,0,4251,4251,0,3.858,3.858,0.0,2,2,,analises_projeto_lote/OpenTermsArchive_GenAI-snapshots_26d4179_1756655598/before,analises_projeto_lote/OpenTermsArchive_GenAI-snapshots_26d4179_1756655598/after,0.0
OpenTermsArchive/GenAI-snapshots,1f79afd0437e4b13e80820983f3c1385c10a7e8e,34ce626dd1cd50fa76a309f3929e943030dfb817,OTA-Bot,157,157,65527,65527,0,4251,4251,0,3.858,3.858,0.0,2,2,,analises_projeto_lote/OpenTermsArchive_GenAI-snapshots_1f79afd_1756655644/before,analises_projeto_lote/OpenTermsArchive_GenAI-snapshots_1f79afd_1756655644/after,0.0
OpenTermsArchive/GenAI-snapshots,299402b0e9a7784461830ae839d457c9b3670b70,1f79afd0437e4b13e80820983f3c1385c10a7e8e,OTA-Bot,157,157,65527,65527,0,4251,4251,0,3.858,3.858,0.0,2,2,,analises_projeto_lote/OpenTermsArchive_GenAI-snapshots_299402b_1756655692/before,analises_projeto_lote/OpenTermsArchive_GenAI-snapshots_299402b_1756655692/after,0.0
OpenTermsArchive/GenAI-snapshots,34ce626dd1cd50fa76a309f3929e943030dfb817,7ef92c938fb39f3b471be88f682871d2d74866cf,OTA-Bot,157,157,65527,65527,0,4251,4251,0,3.858,3.858,0.0,2,2,,analises_projeto_lote/OpenTermsArchive_GenAI-snapshots_34ce626_1756655739/before,analises_projeto_lote/OpenTermsArchive_GenAI-snapshots_34ce626_1756655739/after,0.0
OpenTermsArchive/GenAI-snapshots,7ef92c938fb39f3b471be88f682871d2d74866cf,131abcbf2c6438253691d2f938b7f634596fc16e,OTA-Bot,157,157,65527,65527,0,4251,4251,0,3.858,3.858,0.0,2,2,,analises_projeto_lote/OpenTermsArchive_GenAI-snapshots_7ef92c9_1756655787/before,analises_projeto_lote/OpenTermsArchive_GenAI-snapshots_7ef92c9_1756655787/after,0.0
OpenTermsArchive/GenAI-snapshots,131abcbf2c6438253691d2f938b7f634596fc16e,ea58c354c28e93b4fbba77b9a7f0bb8f71920306,OTA-Bot,157,157,65527,65527,0,4251,4251,0,3.858,3.858,0.0,2,2,,analises_projeto_lote/OpenTermsArchive_GenAI-snapshots_131abcb_1756655834/before,analises_projeto_lote/OpenTermsArchive_GenAI-snapshots_131abcb_1756655834/after,0.0
OpenTermsArchive/GenAI-snapshots,ea58c354c28e93b4fbba77b9a7f0bb8f71920306,9f257110fc4cc6b00280c317c9f8685f56cd4427,OTA-Bot,157,157,65527,65527,0,4251,4251,0,3.858,3.858,0.0,2,2,,analises_projeto_lote/OpenTermsArchive_GenAI-snapshots_ea58c35_1756655881/before,analises_projeto_lote/OpenTermsArchive_GenAI-snapshots_ea58c35_1756655881/after,0.0
OpenTermsArchive/GenAI-snapshots,9f257110fc4cc6b00280c317c9f8685f56cd4427,de39903b99a439482756bfeef49b857520b7ad47,OTA-Bot,157,157,65527,65527,0,4251,4251,0,3.858,3.858,0.0,2,2,,analises_projeto_lote/OpenTermsArchive_GenAI-snapshots_9f25711_1756655930/before,analises_projeto_lote/OpenTermsArchive_GenAI-snapshots_9f25711_1756655930/after,0.0
OpenTermsArchive/GenAI-snapshots,de39903b99a439482756bfeef49b857520b7ad47,3f62fee5d007cbf494815533da448f79f3db78f5,OTA-Bot,157,157,65527,65527,0,4251,4251,0,3.858,3.858,0.0,2,2,,analises_projeto_lote/OpenTermsArchive_GenAI-snapshots_de39903_1756655978/before,analises_projeto_lote/OpenTermsArchive_GenAI-snapshots_de39903_1756655978/after,0.0
OpenTermsArchive/GenAI-snapshots,3f62fee5d007cbf494815533da448f79f3db78f5,fcfdeb43f6fb8f0bc891ac7b6257f31a93d44e86,OTA-Bot,157,157,65527,65527,0,4251,4251,0,3.858,3.858,0.0,2,2,,analises_projeto_lote/OpenTermsArchive_GenAI-snapshots_3f62fee_1756656025/before,analises_projeto_lote/OpenTermsArchive_GenAI-snapshots_3f62fee_1756656025/after,0.0
OpenTermsArchive/GenAI-snapshots,fcfdeb43f6fb8f0bc891ac7b6257f31a93d44e86,f11f29bea5afbe9d605ef8d2772fc51f5390c858,OTA-Bot,157,157,65527,65527,0,4251,4251,0,3.858,3.858,0.0,1,1,,analises_projeto_lote/OpenTermsArchive_GenAI-snapshots_fcfdeb4_1756656075/before,analises_projeto_lote/OpenTermsArchive_GenAI-snapshots_fcfdeb4_1756656075/after,0.0
OpenTermsArchive/GenAI-snapshots,f11f29bea5afbe9d605ef8d2772fc51f5390c858,bd83b72ce321bd1c699762cbf481a1bf04dc3981,OTA-Bot,157,157,65527,65527,0,4251,4251,0,3.858,3.858,0.0,2,2,,analises_projeto_lote/OpenTermsArchive_GenAI-snapshots_f11f29b_1756656123/before,analises_projeto_lote/OpenTermsArchive_GenAI-snapshots_f11f29b_1756656123/after,0.0
voyd-lang/voyd,c5383a3675eb9c8a5e4cc1df51393609e1bb1fc9,8e7fe1cdc2a935e8256b6f852ce0b71b1d4f09fc,drew-y,318,318,26193,26171,-22,2686,2671,-15,2.103,2.092,-0.011,45,73,3.0,analises_projeto_lote/voyd-lang_voyd_c5383a3_1756656770/before,analises_projeto_lote/voyd-lang_voyd_c5383a3_1756656770/after,3.0
ShuhaoZQGG/jarvis,e5adb2339e66025d09fa7772400680ed9d43492c,7c852dd1e1586b9825a88d3abd917e9b3aa21138,ShuhaoZQGG,78,78,19952,20276,324,704,704,0,1.383,1.383,0.0,642,256,,analises_projeto_lote/ShuhaoZQGG_jarvis_e5adb23_1756656778/before,analises_projeto_lote/ShuhaoZQGG_jarvis_e5adb23_1756656778/after,0.0
xlsynth/xlsynth-crate,1749c52be8a33d28d49f1ddf9a9cde9c960f3f05,ace7cd306ac5ef4994f7d7ddbdd8c30f37051b8f,cdleary,267,268,74783,74913,130,6043,6112,69,2.967,2.998,0.031,158,0,2.29,analises_projeto_lote/xlsynth_xlsynth-crate_1749c52_1756657386/before,analises_projeto_lote/xlsynth_xlsynth-crate_1749c52_1756657386/after,2.29
theopenco/llmgateway,8bc76d0ce692df17177e2fd9b62a0ebb18fc97c5,7fe0726fdda7a1e10c23cfbe0317a236a5e74d02,steebchen,516,516,143569,143699,130,2842,2850,8,1.901,1.896,-0.005,149,4,18.625,analises_projeto_lote/theopenco_llmgateway_8bc76d0_1756657397/before,analises_projeto_lote/theopenco_llmgateway_8bc76d0_1756657397/after,18.625
scottames/dots,f0d485846a1c534a5a9f6a1fd82df915154054ee,722ee4ef43f3a343ad67e348922b4e43a53a5b9c,renovate[bot],287,287,11927,11927,0,294,294,0,2.146,2.146,0.0,82,82,,analises_projeto_lote/scottames_dots_f0d4858_1756657421/before,analises_projeto_lote/scottames_dots_f0d4858_1756657421/after,0.0
citruswhale/Qrunch,298ecf77e46d53c7c1773cc88decf3a00e6453e9,887ea8b137d929d7d980952b4cd64ea5fc7e5545,citruswhale,43,44,21633,21823,190,20,32,12,1.818,1.882,0.064,279,9,23.25,analises_projeto_lote/citruswhale_Qrunch_298ecf7_1756657428/before,analises_projeto_lote/citruswhale_Qrunch_298ecf7_1756657428/after,23.25
kp30evg/evg-ai,109634d7730be52b4adb359a0c2b7bc4d839f957,465c8982ce2e4d75540cd0cc75dff526cec2d965,kp30evg,133,160,148505,161484,12979,330,405,75,1.728,1.792,0.064,2816,87,37.547,analises_projeto_lote/kp30evg_evg-ai_109634d_1756657440/before,analises_projeto_lote/kp30evg_evg-ai_109634d_1756657440/after,37.547
backspacevenkat/polydev-website,7f8111463d2a4ba7b6e4d7d3ce6db6c9eb6bc89b,deb002dca7f1e0af5504c61c950e97b269a9f41f,backspacevenkat,85,85,21456,21456,0,808,808,0,2.349,2.349,0.0,41,20,,analises_projeto_lote/backspacevenkat_polydev-website_7f81114_1756657506/before,analises_projeto_lote/backspacevenkat_polydev-website_7f81114_1756657506/after,0.0
backspacevenkat/polydev-website,deb002dca7f1e0af5504c61c950e97b269a9f41f,4755f736beaa18f82ad1f8bcd556a2d67238a8c1,backspacevenkat,80,85,20120,21456,1336,722,808,86,2.423,2.349,-0.074,2197,64,25.547,analises_projeto_lote/backspacevenkat_polydev-website_deb002d_1756657514/before,analises_projeto_lote/backspacevenkat_polydev-website_deb002d_1756657514/after,25.547
ShuhaoZQGG/jarvis,bd32e543a87f44136aa2ee136cbdddf6f26dd1f0,1d8759b537abbafe016b99a9584e0360b3bd9394,ShuhaoZQGG,35,42,1920,13179,11259,142,156,14,1.379,1.418,0.039,11537,98,824.071,analises_projeto_lote/ShuhaoZQGG_jarvis_bd32e54_1756657521/before,analises_projeto_lote/ShuhaoZQGG_jarvis_bd32e54_1756657521/after,824.071
datablogin/nav-insights,fd22447f145f3709edae8f3a210e0b3b8e735bbf,c1f438fbdf50cfbccfaf16cf32e61f9e26f5a6b1,datablogin,101,103,10549,11064,515,929,1020,91,2.732,2.677,-0.055,755,107,8.297,analises_projeto_lote/datablogin_nav-insights_fd22447_1756657528/before,analises_projeto_lote/datablogin_nav-insights_fd22447_1756657528/after,8.297
blackborz01/ai-dev-tools-blog,e720d14813618b1b6f852f188f0976661653c100,7c34adfd530a0d21b1b427ab13d3a3543f24d0d8,Nail Muradov,758,758,189514,189532,18,2401,2406,5,1.936,1.934,-0.002,49,23,9.8,analises_projeto_lote/blackborz01_ai-dev-tools-blog_e720d14_1756657534/before,analises_projeto_lote/blackborz01_ai-dev-tools-blog_e720d14_1756657534/after,9.8
rajstories/BuildDost,0a17b4291d3dddfae38d06457beb82721f91c3c6,ab3de12ce529bcda523c8d7144c7249d269c3a10,rajstories,185,186,145477,146676,1199,1045,1041,-4,1.667,1.671,0.004,59,11,14.75,analises_projeto_lote/rajstories_BuildDost_0a17b42_1756657559/before,analises_projeto_lote/rajstories_BuildDost_0a17b42_1756657559/after,14.75
wsjung2023/Tutor_module_library,958661afc7597b41552c73d2da66c8e82d954c0e,ee7e577a16146e95c27436ddc94d140c8444a325,mainstop3,252,252,71958,71992,34,949,958,9,1.719,1.732,0.013,94,5,10.444,analises_projeto_lote/wsjung2023_Tutor_module_library_958661a_1756657595/before,analises_projeto_lote/wsjung2023_Tutor_module_library_958661a_1756657595/after,10.444
thewiseoldsageltd/bonushunter,d7d2be9dc6e17d219ebe3699e170f52afce794f8,952ec749a74550147c15661280f9b95a4a2780bf,barry76,355,355,468921,468924,3,6199,6200,1,2.713,2.713,0.0,7,4,7.0,analises_projeto_lote/thewiseoldsageltd_bonushunter_d7d2be9_1756658824/before,analises_projeto_lote/thewiseoldsageltd_bonushunter_d7d2be9_1756658824/after,7.0
thewiseoldsageltd/bonushunter,952ec749a74550147c15661280f9b95a4a2780bf,f7f373186a26ccb2d5a65d43e5b41a0de1af9e9c,barry76,355,355,468912,468921,9,6199,6199,0,2.713,2.713,0.0,12,3,,analises_projeto_lote/thewiseoldsageltd_bonushunter_952ec74_1756659134/before,analises_projeto_lote/thewiseoldsageltd_bonushunter_952ec74_1756659134/after,0.0
harbinzhang/harbinzhang.github.io,b9b87f6b34b0a488c79448053787b4a687f78df6,3006334362285046206599682b5cc45e49ca9660,harbinzhang,0,0,0,0,0,0,0,0,0.0,0.0,0.0,2,3,,analises_projeto_lote/harbinzhang_harbinzhang.github.io_b9b87f6_1756659428/before,analises_projeto_lote/harbinzhang_harbinzhang.github.io_b9b87f6_1756659428/after,0.0
theopenco/llmgateway,aa548700979fe9126e9d663dd4d10a1c9b5e55a7,42a62878066da7508d45b12823987240e3921d2a,steebchen,516,516,143491,143513,22,2841,2841,0,1.903,1.903,0.0,22,0,,analises_projeto_lote/theopenco_llmgateway_aa54870_1756659440/before,analises_projeto_lote/theopenco_llmgateway_aa54870_1756659440/after,0.0
thomasveit89/designsnack-lead-generator,06e02e0e20b09334396b5f4f5da0942519cbd692,68e4c749342edaf98502d44e7062bb8d5a8b582e,thomasveit89,29,34,19840,21307,1467,157,318,161,2.707,3.419,0.712,1992,37,12.373,analises_projeto_lote/thomasveit89_designsnack-lead-generator_06e02e0_1756659464/before,analises_projeto_lote/thomasveit89_designsnack-lead-generator_06e02e0_1756659464/after,12.373
kp30evg/evg-ai,465c8982ce2e4d75540cd0cc75dff526cec2d965,2f3f0a38394156e9cb97365f2f7fd2ec2372f31f,kp30evg,91,133,115214,148505,33291,224,330,106,1.806,1.728,-0.078,13899,1756,131.123,analises_projeto_lote/kp30evg_evg-ai_465c898_1756659474/before,analises_projeto_lote/kp30evg_evg-ai_465c898_1756659474/after,131.123
clarencemoreno/multi-agentic-ai-starter-template,e3bdea7b04b5c79bf7696f2710a072989fa8ef9c,d47a9ec3d9c14ff26c46699dd321edde195aed9b,clarencemoreno,14,14,604,604,0,0,0,0,0.0,0.0,0.0,3,3,,analises_projeto_lote/clarencemoreno_multi-agentic-ai-starter-template_e3bdea7_1756659538/before,analises_projeto_lote/clarencemoreno_multi-agentic-ai-starter-template_e3bdea7_1756659538/after,0.0
clarencemoreno/multi-agentic-ai-starter-template,d47a9ec3d9c14ff26c46699dd321edde195aed9b,9d909b0a87b123e565a66d93ba675461efb4e32c,clarencemoreno,14,14,533,604,71,0,0,0,0.0,0.0,0.0,105,19,,analises_projeto_lote/clarencemoreno_multi-agentic-ai-starter-template_d47a9ec_1756659544/before,analises_projeto_lote/clarencemoreno_multi-agentic-ai-starter-template_d47a9ec_1756659544/after,0.0
GUESTVALENCIA/SANDRA_IA_7.0,6431225b5422523307513631972d71401da7d3a5,3e02fc190424ceb729466aba1080140d67ce2836,GUESTVALENCIA,6,6,126,867,741,0,0,0,0.0,0.0,0.0,909,11,,analises_projeto_lote/GUESTVALENCIA_SANDRA_IA_7.0_6431225_1756659551/before,analises_projeto_lote/GUESTVALENCIA_SANDRA_IA_7.0_6431225_1756659551/after,0.0
okeidar/REAnalysis,e25b7fcf1946fc9b8a2cf20101bd4fee9c533013,59097831ab90d1a7e1e765c3de54a9dae7d3af57,okeidar,75,76,20651,22473,1822,1348,1492,144,2.487,2.546,0.059,2546,220,17.681,analises_projeto_lote/okeidar_REAnalysis_e25b7fc_1756659556/before,analises_projeto_lote/okeidar_REAnalysis_e25b7fc_1756659556/after,17.681
GUESTVALENCIA/SANDRA_IA_7.0,3e02fc190424ceb729466aba1080140d67ce2836,669e031d1c4cd8c0ad833494845e97b5935b7a8c,GUESTVALENCIA,6,6,126,126,0,0,0,0,0.0,0.0,0.0,1,0,,analises_projeto_lote/GUESTVALENCIA_SANDRA_IA_7.0_3e02fc1_1756660164/before,analises_projeto_lote/GUESTVALENCIA_SANDRA_IA_7.0_3e02fc1_1756660164/after,0.0
raoulalobo/cogiflow,cbbcdbb692dc2cdeda4565a2d62957dde731b6ec,53b6bfd1bc517b7af8df5e41cc6656ef8c37df91,Votre Nom,41,54,11111,20051,8940,110,113,3,1.222,1.228,0.006,26,26,8.667,analises_projeto_lote/raoulalobo_cogiflow_cbbcdbb_1756660170/before,analises_projeto_lote/raoulalobo_cogiflow_cbbcdbb_1756660170/after,8.667
nljolie/credli-ai-clean,8de5f0c830f6cdd5abffb418b3538409e384a593,064af3d43a6c0ce161d36060863c092ea591f9bc,Nicole Jolie Be Socially Smashing,79,79,19469,19451,-18,285,285,0,1.717,1.717,0.0,9,30,,analises_projeto_lote/nljolie_credli-ai-clean_8de5f0c_1756660180/before,analises_projeto_lote/nljolie_credli-ai-clean_8de5f0c_1756660180/after,0.0
nljolie/credli-ai-clean,064af3d43a6c0ce161d36060863c092ea591f9bc,f6dc5e8af6928cceecbe4439b8a9b89a138d0aad,Nicole Jolie Be Socially Smashing,79,79,19428,19469,41,285,285,0,1.717,1.717,0.0,80,32,,analises_projeto_lote/nljolie_credli-ai-clean_064af3d_1756660189/before,analises_projeto_lote/nljolie_credli-ai-clean_064af3d_1756660189/after,0.0
RewLight/foreground-monitor,8df83e16285d8b4ae897d0aa5b02d681656095bb,01ed356e0a80798b3b1db8cccc267708b41672fe,RewLight,3,3,970,634,-336,202,200,-2,4.81,4.651,-0.159,685,1063,342.5,analises_projeto_lote/RewLight_foreground-monitor_8df83e1_1756660197/before,analises_projeto_lote/RewLight_foreground-monitor_8df83e1_1756660197/after,342.5
frontunafronend/frontuna-app,7db194d6e326b0ef00ab2900a795dee5f6765577,bcc1039e995da731e7200bbbce8804cc1b8a961c,frontunafronend,359,359,141074,141185,111,3227,3231,4,1.59,1.59,0.0,152,18,38.0,analises_projeto_lote/frontunafronend_frontuna-app_7db194d_1756660203/before,analises_projeto_lote/frontunafronend_frontuna-app_7db194d_1756660203/after,38.0
RoninXu/smooth-sql,afe2f4d37b15268f60c023d0075c558fb48eb2cc,efda68d660e64ae226348118c6354c41ef81cf0e,RoninXu,69,72,5253,5504,251,671,699,28,1.699,1.652,-0.047,438,10,15.643,analises_projeto_lote/RoninXu_smooth-sql_afe2f4d_1756660244/before,analises_projeto_lote/RoninXu_smooth-sql_afe2f4d_1756660244/after,15.643
rajstories/BuildDost,85181f12829710bdfed1e94abff10f9b3d5d629d,0267070fff2fd4f5e4aa876d7cbaff94bcc9934d,rajstories,155,156,114075,116066,1991,948,951,3,1.559,1.562,0.003,980,7,326.667,analises_projeto_lote/rajstories_BuildDost_85181f1_1756660250/before,analises_projeto_lote/rajstories_BuildDost_85181f1_1756660250/after,326.667
Dip-ankar/chatGpt-project,f90a8b23c10e5e1b03655c5189fcd3f71dfca391,9d7351021e8b3f2a6581c0d0937945a4c1546cae,Dip-ankar,46,46,6892,6886,-6,996,996,0,3.984,3.984,0.0,0,0,,analises_projeto_lote/Dip-ankar_chatGpt-project_f90a8b2_1756660285/before,analises_projeto_lote/Dip-ankar_chatGpt-project_f90a8b2_1756660285/after,0.0
remilatoufik1-byte/dark-control-server,e6aef4f5858cfd23de6f5a01fa5be8c48a78c06d,8505c2d9341b6196c9605f06a11d960bd167ce60,remilatoufik1-byte,6,7,205,264,59,14,34,20,2.333,4.25,1.917,78,0,3.9,analises_projeto_lote/remilatoufik1-byte_dark-control-server_e6aef4f_1756660291/before,analises_projeto_lote/remilatoufik1-byte_dark-control-server_e6aef4f_1756660291/after,3.9
OpenTermsArchive/GenAI-snapshots,4160dff9537d59bacdaca26e442b7e5b2d04e088,855df4079612a6d0f5e5d4f7e1e8937707a22d9a,OTA-Bot,157,157,65437,65437,0,4246,4246,0,3.843,3.843,0.0,2,2,,analises_projeto_lote/OpenTermsArchive_GenAI-snapshots_4160dff_1756660308/before,analises_projeto_lote/OpenTermsArchive_GenAI-snapshots_4160dff_1756660308/after,0.0
OpenTermsArchive/GenAI-snapshots,855df4079612a6d0f5e5d4f7e1e8937707a22d9a,0cb23284ac7c7476f7a4651b648885e1b8ac90ef,OTA-Bot,157,157,65437,65437,0,4246,4246,0,3.843,3.843,0.0,2,2,,analises_projeto_lote/OpenTermsArchive_GenAI-snapshots_855df40_1756660360/before,analises_projeto_lote/OpenTermsArchive_GenAI-snapshots_855df40_1756660360/after,0.0
OpenTermsArchive/GenAI-snapshots,0cb23284ac7c7476f7a4651b648885e1b8ac90ef,07179ea45d3ce41329fde6ef4fff859538a6cf29,OTA-Bot,157,157,65437,65437,0,4246,4246,0,3.843,3.843,0.0,2,2,,analises_projeto_lote/OpenTermsArchive_GenAI-snapshots_0cb2328_1756660411/before,analises_projeto_lote/OpenTermsArchive_GenAI-snapshots_0cb2328_1756660411/after,0.0
OpenTermsArchive/GenAI-snapshots,07179ea45d3ce41329fde6ef4fff859538a6cf29,3902179acfffb3eb77a5af4e3643fd22232bfab1,OTA-Bot,157,157,65437,65437,0,4246,4246,0,3.843,3.843,0.0,2,2,,analises_projeto_lote/OpenTermsArchive_GenAI-snapshots_07179ea_1756660463/before,analises_projeto_lote/OpenTermsArchive_GenAI-snapshots_07179ea_1756660463/after,0.0
OpenTermsArchive/GenAI-snapshots,46062240ffa437f3db4820233eeb6a9e3aaae666,f3396abce133a9004cc690d2fd2552190d9d5651,OTA-Bot,157,157,65437,65437,0,4246,4246,0,3.843,3.843,0.0,2,2,,analises_projeto_lote/OpenTermsArchive_GenAI-snapshots_4606224_1756660514/before,analises_projeto_lote/OpenTermsArchive_GenAI-snapshots_4606224_1756660514/after,0.0
OpenTermsArchive/GenAI-snapshots,3902179acfffb3eb77a5af4e3643fd22232bfab1,46062240ffa437f3db4820233eeb6a9e3aaae666,OTA-Bot,157,157,65437,65437,0,4246,4246,0,3.843,3.843,0.0,2,2,,analises_projeto_lote/OpenTermsArchive_GenAI-snapshots_3902179_1756660565/before,analises_projeto_lote/OpenTermsArchive_GenAI-snapshots_3902179_1756660565/after,0.0
OpenTermsArchive/GenAI-snapshots,f3396abce133a9004cc690d2fd2552190d9d5651,88e652775cf9321972679888c867e9ab340bc05a,OTA-Bot,157,157,65437,65437,0,4246,4246,0,3.843,3.843,0.0,1,1,,analises_projeto_lote/OpenTermsArchive_GenAI-snapshots_f3396ab_1756660617/before,analises_projeto_lote/OpenTermsArchive_GenAI-snapshots_f3396ab_1756660617/after,0.0
OpenTermsArchive/GenAI-snapshots,88e652775cf9321972679888c867e9ab340bc05a,e40b2398ab7c177118fc8134bc8d0d26d4c361f4,OTA-Bot,157,157,65437,65437,0,4246,4246,0,3.843,3.843,0.0,2,2,,analises_projeto_lote/OpenTermsArchive_GenAI-snapshots_88e6527_1756660668/before,analises_projeto_lote/OpenTermsArchive_GenAI-snapshots_88e6527_1756660668/after,0.0
OpenTermsArchive/GenAI-snapshots,e40b2398ab7c177118fc8134bc8d0d26d4c361f4,b7c09044b545792829fc8da2d18eabfd098be5af,OTA-Bot,157,157,65437,65437,0,4246,4246,0,3.843,3.843,0.0,2,2,,analises_projeto_lote/OpenTermsArchive_GenAI-snapshots_e40b239_1756660720/before,analises_projeto_lote/OpenTermsArchive_GenAI-snapshots_e40b239_1756660720/after,0.0
OpenTermsArchive/GenAI-snapshots,b7c09044b545792829fc8da2d18eabfd098be5af,500bd05ecee79cbe5b156de2bfd2bd1110c9d22c,OTA-Bot,157,157,65437,65437,0,4246,4246,0,3.843,3.843,0.0,2,2,,analises_projeto_lote/OpenTermsArchive_GenAI-snapshots_b7c0904_1756660774/before,analises_projeto_lote/OpenTermsArchive_GenAI-snapshots_b7c0904_1756660774/after,0.0
OpenTermsArchive/GenAI-snapshots,500bd05ecee79cbe5b156de2bfd2bd1110c9d22c,302390aa43df9845ae6826cdf02125c1a4cad491,OTA-Bot,157,157,65437,65437,0,4246,4246,0,3.843,3.843,0.0,2,2,,analises_projeto_lote/OpenTermsArchive_GenAI-snapshots_500bd05_1756660826/before,analises_projeto_lote/OpenTermsArchive_GenAI-snapshots_500bd05_1756660826/after,0.0
skyasu2/openmanager-vibe-v5,f40137ff7cd9ebcb909f285af5fb08c3e56e1c5c,e2b752e632b54a9ef08d3b4a5197a7874cbc3714,skyasu2,1484,1484,478970,479146,176,18247,18247,0,1.769,1.769,0.0,306,52,,analises_projeto_lote/skyasu2_openmanager-vibe-v5_f40137f_1756660878/before,analises_projeto_lote/skyasu2_openmanager-vibe-v5_f40137f_1756660878/after,0.0
OpenTermsArchive/GenAI-snapshots,302390aa43df9845ae6826cdf02125c1a4cad491,064afb77948cd33a5b2c52e39d0f5fea00d716de,OTA-Bot,157,157,65437,65437,0,4246,4246,0,3.843,3.843,0.0,2,2,,analises_projeto_lote/OpenTermsArchive_GenAI-snapshots_302390a_1756660906/before,analises_projeto_lote/OpenTermsArchive_GenAI-snapshots_302390a_1756660906/after,0.0
OpenTermsArchive/GenAI-snapshots,064afb77948cd33a5b2c52e39d0f5fea00d716de,0107548b192a32d608ec84b234543a21448419fd,OTA-Bot,157,157,65437,65437,0,4246,4246,0,3.843,3.843,0.0,2,2,,analises_projeto_lote/OpenTermsArchive_GenAI-snapshots_064afb7_1756660958/before,analises_projeto_lote/OpenTermsArchive_GenAI-snapshots_064afb7_1756660958/after,0.0
OpenTermsArchive/GenAI-snapshots,0107548b192a32d608ec84b234543a21448419fd,2538b4216ace4e52eabd70de51662b70ab537e31,OTA-Bot,157,157,65437,65437,0,4246,4246,0,3.843,3.843,0.0,1,1,,analises_projeto_lote/OpenTermsArchive_GenAI-snapshots_0107548_1756661010/before,analises_projeto_lote/OpenTermsArchive_GenAI-snapshots_0107548_1756661010/after,0.0
OpenTermsArchive/GenAI-snapshots,2538b4216ace4e52eabd70de51662b70ab537e31,fb95f9f2a29a6f20276bfcc527e880bdd51b4d7f,OTA-Bot,157,157,65437,65437,0,4246,4246,0,3.843,3.843,0.0,1,1,,analises_projeto_lote/OpenTermsArchive_GenAI-snapshots_2538b42_1756661061/before,analises_projeto_lote/OpenTermsArchive_GenAI-snapshots_2538b42_1756661061/after,0.0
brainybuddy/swistack_app,4796ea9e59c3b55771b79e8f1a5b00e4a3f2fc75,a600d1d4f4923d13be69fc631592a3311c6840bc,MACBOOK,176,191,44815,49277,4462,2921,3112,191,2.226,2.185,-0.041,6354,171,33.267,analises_projeto_lote/brainybuddy_swistack_app_4796ea9_1756662272/before,analises_projeto_lote/brainybuddy_swistack_app_4796ea9_1756662272/after,33.267
chyx/chat-syncer,4cf12657c56b21e09c3a96c711d288f34633c70a,7d7d60c376487c6d9975b582fca2773e75a1824d,chyx,8,10,1681,2493,812,131,220,89,1.701,1.849,0.148,1005,13,11.292,analises_projeto_lote/chyx_chat-syncer_4cf1265_1756662281/before,analises_projeto_lote/chyx_chat-syncer_4cf1265_1756662281/after,11.292
michael-borck/talk-buddy,2db1d3b1a08ba9cd30e5af7ca4f0ca6c00c5a4e0,ea966d9ae741f6528a31e8547ae111f2ef9d51cb,michael-borck,114,114,32067,32140,73,1346,1366,20,2.27,2.288,0.018,108,30,5.4,analises_projeto_lote/michael-borck_talk-buddy_2db1d3b_1756662287/before,analises_projeto_lote/michael-borck_talk-buddy_2db1d3b_1756662287/after,5.4
nabariho/health-savings-account-manager,4643e082479cd21c1f3abe51dd1970a522e19ed1,0740c496539bc7edc0f1eb9bc4b7b6f8f8a203b7,nabariho,110,111,28660,29701,1041,801,802,1,2.033,2.03,-0.003,1372,141,1372.0,analises_projeto_lote/nabariho_health-savings-account-manager_4643e08_1756662295/before,analises_projeto_lote/nabariho_health-savings-account-manager_4643e08_1756662295/after,1372.0
find-xposed-magisk/lobe-chat,f326e8989e7ab2db24da8aeb1a9f8710dfab7605,604234029c18c6298893eccd38e36df6fedade75,semantic-release-bot,4344,4344,655876,656683,807,25466,25466,0,1.359,1.359,0.0,26,1,,analises_projeto_lote/find-xposed-magisk_lobe-chat_f326e89_1756662334/before,analises_projeto_lote/find-xposed-magisk_lobe-chat_f326e89_1756662334/after,0.0
mpiyarul143-art/Lubo-hub,f326e8989e7ab2db24da8aeb1a9f8710dfab7605,604234029c18c6298893eccd38e36df6fedade75,semantic-release-bot,4344,4344,655876,656683,807,25466,25466,0,1.359,1.359,0.0,26,1,,analises_projeto_lote/mpiyarul143-art_Lubo-hub_f326e89_1756662413/before,analises_projeto_lote/mpiyarul143-art_Lubo-hub_f326e89_1756662413/after,0.0
lobehub/lobe-chat,f326e8989e7ab2db24da8aeb1a9f8710dfab7605,604234029c18c6298893eccd38e36df6fedade75,semantic-release-bot,4344,4344,655876,656683,807,25466,25466,0,1.359,1.359,0.0,26,1,,analises_projeto_lote/lobehub_lobe-chat_f326e89_1756662491/before,analises_projeto_lote/lobehub_lobe-chat_f326e89_1756662491/after,0.0
Craig-0219/potato,b03cba2c3d323f1ce5820a0e319dda555b097265,6a74c598cc508c926beb4e6ad1c1708732a9d8a5,root,255,256,90834,91098,264,11581,11581,0,3.448,3.448,0.0,341,5,,analises_projeto_lote/Craig-0219_potato_b03cba2_1756662568/before,analises_projeto_lote/Craig-0219_potato_b03cba2_1756662568/after,0.0
araeLaver/blog-automation,84517facf9dae0fade823c9ac5b9e381deb1f84d,c246917104c3837fc497b4430851aa96fd0b7eea,araeLaver,327,328,65851,66525,674,2857,2898,41,4.264,4.312,0.048,735,0,17.927,analises_projeto_lote/araeLaver_blog-automation_84517fa_1756662578/before,analises_projeto_lote/araeLaver_blog-automation_84517fa_1756662578/after,17.927
ifukazoo/openai-chat-proxy,1199d8a285008b77639529f45767842f03579d94,345650c3d1e035f4bda81fac695155fb7000c877,ifukazoo,7,7,1813,1813,0,4,4,0,2.0,2.0,0.0,9,9,,analises_projeto_lote/ifukazoo_openai-chat-proxy_1199d8a_1756662589/before,analises_projeto_lote/ifukazoo_openai-chat-proxy_1199d8a_1756662589/after,0.0
crothmeier/T4DailyDriver,66192e35cb7b871f9bd0236599e8b89aad10671a,de90bc57d79fbb70e72102645d6c8826de699c58,crothmeier,77,78,9786,10320,534,907,990,83,3.286,3.311,0.025,771,5,9.289,analises_projeto_lote/crothmeier_T4DailyDriver_66192e3_1756662595/before,analises_projeto_lote/crothmeier_T4DailyDriver_66192e3_1756662595/after,9.289
ifukazoo/openai-chat-proxy,345650c3d1e035f4bda81fac695155fb7000c877,6edc51e905a09d0d73e1cc0378f34e1513dd88aa,ifukazoo,7,7,1813,1813,0,4,4,0,2.0,2.0,0.0,1,1,,analises_projeto_lote/ifukazoo_openai-chat-proxy_345650c_1756662602/before,analises_projeto_lote/ifukazoo_openai-chat-proxy_345650c_1756662602/after,0.0
aryorogo4-gif/enya-whatsapp-bot,a02728284b667ebd7fe032f7beaa807822dcbf21,6311758bd469dd92cfd05764d0b10bc0c8c2401f,aryorogo4-gif,2,3,17,51,34,0,0,0,0.0,0.0,0.0,43,0,,analises_projeto_lote/aryorogo4-gif_enya-whatsapp-bot_a027282_1756662618/before,analises_projeto_lote/aryorogo4-gif_enya-whatsapp-bot_a027282_1756662618/after,0.0
vm799/drug-trial-syneticx-integration,374d8d3a5364035ece9aeaf7814e58a3666e48a4,8a041809d99f1b6132a228319d1536247d362e2b,vm799,155,155,804037,804304,267,1627,1627,0,1.686,1.686,0.0,276,9,,analises_projeto_lote/vm799_drug-trial-syneticx-integration_374d8d3_1756662623/before,analises_projeto_lote/vm799_drug-trial-syneticx-integration_374d8d3_1756662623/after,0.0
crothmeier/T4DailyDriver,de90bc57d79fbb70e72102645d6c8826de699c58,41249546ab4f5f1d483c98e64f116f2f33f5c377,crothmeier,70,77,7397,9786,2389,587,907,320,3.579,3.286,-0.293,3367,29,10.522,analises_projeto_lote/crothmeier_T4DailyDriver_de90bc5_1756662650/before,analises_projeto_lote/crothmeier_T4DailyDriver_de90bc5_1756662650/after,10.522
alisha-allie/Sorted-TheNewApp,3960f4d88f7421d44dd2bd93e2e00d9bd036119d,a9dd65e39277d70a70348b3e270be1f0c367fd72,alishaallie,110,110,88190,88314,124,795,786,-9,1.916,1.912,-0.004,208,97,23.111,analises_projeto_lote/alisha-allie_Sorted-TheNewApp_3960f4d_1756662656/before,analises_projeto_lote/alisha-allie_Sorted-TheNewApp_3960f4d_1756662656/after,23.111
PolinaFisch/java_practice,3e0f738c47b175022a17eb96a4aeac6a5f93c8c7,bbdb185b67c63bf40d26879d9bc6891bec70b78e,Polina,120,120,3780,3780,0,665,665,0,1.468,1.468,0.0,0,0,,analises_projeto_lote/PolinaFisch_java_practice_3e0f738_1756663413/before,analises_projeto_lote/PolinaFisch_java_practice_3e0f738_1756663413/after,0.0
lee197/AI-Brain,160165413aec5a5c89741dee55b0e61cb756962f,5d499d563645d046d9e6b83361f36f0930fd8ff2,lee197,148,151,29469,29722,253,1633,1648,15,1.987,2.0,0.013,1064,530,70.933,analises_projeto_lote/lee197_AI-Brain_1601654_1756663419/before,analises_projeto_lote/lee197_AI-Brain_1601654_1756663419/after,70.933
Thabonel/wheels-wins-landing-page,151db2616dbef66a15db7e4f0fcd35ef1ea99fea,578868b410d7c0069e40a2acd470c6dae5251867,claude,2062,2062,395759,395870,111,36740,36740,0,2.731,2.731,0.0,117,1,,analises_projeto_lote/Thabonel_wheels-wins-landing-page_151db26_1756663427/before,analises_projeto_lote/Thabonel_wheels-wins-landing-page_151db26_1756663427/after,0.0
bluegreenmirror/loan-calculator-trial,2c68d32e1416c429d3598c589aef1b94cdc1d381,a19950d04d9102021fc4927043e2961ae96667b9,bluegreenmirror,40,45,1533,1673,140,51,51,0,1.275,1.275,0.0,185,0,,analises_projeto_lote/bluegreenmirror_loan-calculator-trial_2c68d32_1756663459/before,analises_projeto_lote/bluegreenmirror_loan-calculator-trial_2c68d32_1756663459/after,0.0
Thabonel/wheels-wins-landing-page,578868b410d7c0069e40a2acd470c6dae5251867,9e5b47b8a473150331ba4f8229e09ad0819cdb09,claude,2062,2062,395709,395759,50,36740,36740,0,2.731,2.731,0.0,83,28,,analises_projeto_lote/Thabonel_wheels-wins-landing-page_578868b_1756663465/before,analises_projeto_lote/Thabonel_wheels-wins-landing-page_578868b_1756663465/after,0.0
Thabonel/wheels-wins-landing-page,9e5b47b8a473150331ba4f8229e09ad0819cdb09,10915bc8d15032508e7c20d6ed16436fb6ea5474,claude,2061,2062,395543,395709,166,36712,36740,28,2.73,2.731,0.001,214,7,7.643,analises_projeto_lote/Thabonel_wheels-wins-landing-page_9e5b47b_1756663495/before,analises_projeto_lote/Thabonel_wheels-wins-landing-page_9e5b47b_1756663495/after,7.643
Thabonel/wheels-wins-landing-page,10915bc8d15032508e7c20d6ed16436fb6ea5474,3146e9e35116176c9d02a89cb979eda0e12b1663,claude,2060,2061,395550,395543,-7,36715,36712,-3,2.73,2.73,0.0,123,106,41.0,analises_projeto_lote/Thabonel_wheels-wins-landing-page_10915bc_1756663527/before,analises_projeto_lote/Thabonel_wheels-wins-landing-page_10915bc_1756663527/after,41.0
brudallism/meal-planner-ai,a768949d7a35daa4f893ce3c61033c417e092baa,e87648282ccdf993322db234ba795e9ff57be18d,brudallism,27,31,17671,20142,2471,164,197,33,1.451,1.551,0.1,2732,224,82.788,analises_projeto_lote/brudallism_meal-planner-ai_a768949_1756663558/before,analises_projeto_lote/brudallism_meal-planner-ai_a768949_1756663558/after,82.788
KamalKishor-FrontEndDeveloper/chatbot-LLM,f1768c2f1caa52efa88b3fdaf488ccde9e16447a,ca1f203417cd268fd4c8ff958e5a5a42d349c03e,KAMAL KISHOR,86,87,18642,18797,155,521,549,28,1.459,1.468,0.009,403,25,14.393,analises_projeto_lote/KamalKishor-FrontEndDeveloper_chatbot-LLM_f1768c2_1756663565/before,analises_projeto_lote/KamalKishor-FrontEndDeveloper_chatbot-LLM_f1768c2_1756663565/after,14.393
its-ansh-jha/AIDevPlatform,78560f1f4307b5d6c13bcb73e39ff60e7f39fa3d,36b9a5502141cefbe83b7398058a8ed22aeafcfe,lisega8121,88,89,16233,16921,688,768,804,36,1.485,1.531,0.046,849,51,23.583,analises_projeto_lote/its-ansh-jha_AIDevPlatform_78560f1_1756663573/before,analises_projeto_lote/its-ansh-jha_AIDevPlatform_78560f1_1756663573/after,23.583
Alvarezitooo/phoenix-monorepo-clean,00d70b44bc2861335f66a9a1f311281dfd0ee5fb,c295adcc5ba4d82cfeaf56c9b47366aa132547d5,Alvarezitooo,438,438,79227,79295,68,5896,5915,19,2.637,2.643,0.006,144,36,7.579,analises_projeto_lote/Alvarezitooo_phoenix-monorepo-clean_00d70b4_1756663581/before,analises_projeto_lote/Alvarezitooo_phoenix-monorepo-clean_00d70b4_1756663581/after,7.579
disposable/disposable-email-domains,d1092db0348a7b4c98ae027c2cdde92898d40184,802d68c81a2a8e34a8413618e22ee6d7e2a0fb29,smeinecke,46,46,515017,514202,-815,282,282,0,6.13,6.13,0.0,1508,2323,,analises_projeto_lote/disposable_disposable-email-domains_d1092db_1756663592/before,analises_projeto_lote/disposable_disposable-email-domains_d1092db_1756663592/after,0.0
siteoptz/siteoptz,698cd3b462026d5c9e88e909bf459e57e07e8a97,d896e5e85929a682b0db491b0fa61da114dc6629,Antonio Mendoza,1002,1002,579668,581932,2264,11501,11501,0,2.68,2.68,0.0,3126,846,,analises_projeto_lote/siteoptz_siteoptz_698cd3b_1756667388/before,analises_projeto_lote/siteoptz_siteoptz_698cd3b_1756667388/after,0.0
Satoshi91/legal-ai-rag,6addef7d09dca6d58f8a448b8c8cbf1717a2f830,7142ee40a2a69404d2faa96e7e69477ce9eaf091,Satoshi91,5,20,77,492,415,2,47,45,1.0,2.611,1.611,622,7,13.822,analises_projeto_lote/Satoshi91_legal-ai-rag_6addef7_1756667418/before,analises_projeto_lote/Satoshi91_legal-ai-rag_6addef7_1756667418/after,13.822
kp30evg/evg-ai,2f3f0a38394156e9cb97365f2f7fd2ec2372f31f,3800f46d6192bdc8b3d1f768b78be51f984b5a15,kp30evg,91,91,115143,115214,71,224,224,0,1.806,1.806,0.0,228,137,,analises_projeto_lote/kp30evg_evg-ai_2f3f0a3_1756668039/before,analises_projeto_lote/kp30evg_evg-ai_2f3f0a3_1756668039/after,0.0
kp30evg/evg-ai,3800f46d6192bdc8b3d1f768b78be51f984b5a15,09226ec4c0a5b24275f9ee0605fd5060d0b098f5,kp30evg,88,91,113523,115143,1620,182,224,42,2.141,1.806,-0.335,3061,716,72.881,analises_projeto_lote/kp30evg_evg-ai_3800f46_1756668097/before,analises_projeto_lote/kp30evg_evg-ai_3800f46_1756668097/after,72.881
mjnhbg3/Realtalk,5a6f36e5929aad622975908ab390580c90f6db12,f9afcd9b00b03e8feb535c7cbe3cb99fe4277d77,Duke Kesten,11,18,3418,4370,952,809,707,-102,4.703,4.337,-0.366,2349,373,23.029,analises_projeto_lote/mjnhbg3_Realtalk_5a6f36e_1756668155/before,analises_projeto_lote/mjnhbg3_Realtalk_5a6f36e_1756668155/after,23.029
OpenTermsArchive/GenAI-snapshots,706b3b094b3f5d38d15e9f37967a822c7027ccfb,261ccba21359cde91ca2908c4476233d67cc1623,OTA-Bot,157,157,64875,64875,0,4509,4509,0,3.854,3.854,0.0,2,2,,analises_projeto_lote/OpenTermsArchive_GenAI-snapshots_706b3b0_1756668161/before,analises_projeto_lote/OpenTermsArchive_GenAI-snapshots_706b3b0_1756668161/after,0.0
OpenTermsArchive/GenAI-snapshots,261ccba21359cde91ca2908c4476233d67cc1623,3b2cf6b11c537e5ae0358927d16a85bffc472591,OTA-Bot,157,157,64875,64875,0,4509,4509,0,3.854,3.854,0.0,2,2,,analises_projeto_lote/OpenTermsArchive_GenAI-snapshots_261ccba_1756668216/before,analises_projeto_lote/OpenTermsArchive_GenAI-snapshots_261ccba_1756668216/after,0.0
OpenTermsArchive/GenAI-snapshots,3b2cf6b11c537e5ae0358927d16a85bffc472591,8e04ac358aeaae2c8e196072b0dddd3895f24e5f,OTA-Bot,157,157,64875,64875,0,4509,4509,0,3.854,3.854,0.0,2,2,,analises_projeto_lote/OpenTermsArchive_GenAI-snapshots_3b2cf6b_1756668266/before,analises_projeto_lote/OpenTermsArchive_GenAI-snapshots_3b2cf6b_1756668266/after,0.0
OpenTermsArchive/GenAI-snapshots,8e04ac358aeaae2c8e196072b0dddd3895f24e5f,594590ec2ef138f511beb0b777164ec16117ffba,OTA-Bot,157,157,64875,64875,0,4509,4509,0,3.854,3.854,0.0,2,2,,analises_projeto_lote/OpenTermsArchive_GenAI-snapshots_8e04ac3_1756668317/before,analises_projeto_lote/OpenTermsArchive_GenAI-snapshots_8e04ac3_1756668317/after,0.0
OpenTermsArchive/GenAI-snapshots,20555b374dcb1362b1ed692487b80e187abac0c4,e2f5d5eef6abc9cf41052728c52ab0f20ae5970b,OTA-Bot,157,157,64875,64875,0,4509,4509,0,3.854,3.854,0.0,2,2,,analises_projeto_lote/OpenTermsArchive_GenAI-snapshots_20555b3_1756668368/before,analises_projeto_lote/OpenTermsArchive_GenAI-snapshots_20555b3_1756668368/after,0.0
OpenTermsArchive/GenAI-snapshots,594590ec2ef138f511beb0b777164ec16117ffba,20555b374dcb1362b1ed692487b80e187abac0c4,OTA-Bot,157,157,64875,64875,0,4509,4509,0,3.854,3.854,0.0,2,2,,analises_projeto_lote/OpenTermsArchive_GenAI-snapshots_594590e_1756668417/before,analises_projeto_lote/OpenTermsArchive_GenAI-snapshots_594590e_1756668417/after,0.0
OpenTermsArchive/GenAI-snapshots,e2f5d5eef6abc9cf41052728c52ab0f20ae5970b,247831b90357e037701c74bf76640d17a8868050,OTA-Bot,157,157,64875,64875,0,4509,4509,0,3.854,3.854,0.0,2,2,,analises_projeto_lote/OpenTermsArchive_GenAI-snapshots_e2f5d5e_1756668471/before,analises_projeto_lote/OpenTermsArchive_GenAI-snapshots_e2f5d5e_1756668471/after,0.0
OpenTermsArchive/GenAI-snapshots,247831b90357e037701c74bf76640d17a8868050,93cd70e44086a665159fa396d6d97a29a7584030,OTA-Bot,157,157,64875,64875,0,4509,4509,0,3.854,3.854,0.0,2,2,,analises_projeto_lote/OpenTermsArchive_GenAI-snapshots_247831b_1756668521/before,analises_projeto_lote/OpenTermsArchive_GenAI-snapshots_247831b_1756668521/after,0.0
OpenTermsArchive/GenAI-versions,74a2f9b2bb74e1b3acc06b2d5fe8d2358f203053,bb281a8939a16d1da3767b6e510e050517c51aee,OTA-Bot,135,135,21010,21010,0,0,0,0,0.0,0.0,0.0,3,3,,analises_projeto_lote/OpenTermsArchive_GenAI-versions_74a2f9b_1756668572/before,analises_projeto_lote/OpenTermsArchive_GenAI-versions_74a2f9b_1756668572/after,0.0
OpenTermsArchive/GenAI-snapshots,93cd70e44086a665159fa396d6d97a29a7584030,b2fc82a8760e39a1c9c3ef955465686697e76ac5,OTA-Bot,157,157,64875,64875,0,4509,4509,0,3.854,3.854,0.0,2,2,,analises_projeto_lote/OpenTermsArchive_GenAI-snapshots_93cd70e_1756668585/before,analises_projeto_lote/OpenTermsArchive_GenAI-snapshots_93cd70e_1756668585/after,0.0
OpenTermsArchive/GenAI-versions,bb281a8939a16d1da3767b6e510e050517c51aee,67e01af509f492178b1c1f7c1d6b8fb870fdddbd,OTA-Bot,135,135,21013,21010,-3,0,0,0,0.0,0.0,0.0,89,92,,analises_projeto_lote/OpenTermsArchive_GenAI-versions_bb281a8_1756668638/before,analises_projeto_lote/OpenTermsArchive_GenAI-versions_bb281a8_1756668638/after,0.0
OpenTermsArchive/GenAI-snapshots,b2fc82a8760e39a1c9c3ef955465686697e76ac5,59c42b799c3d75155a9b87ad70d052a8ba5cbedc,OTA-Bot,157,157,64875,64875,0,4509,4509,0,3.854,3.854,0.0,2,2,,analises_projeto_lote/OpenTermsArchive_GenAI-snapshots_b2fc82a_1756668651/before,analises_projeto_lote/OpenTermsArchive_GenAI-snapshots_b2fc82a_1756668651/after,0.0
OpenTermsArchive/GenAI-versions,67e01af509f492178b1c1f7c1d6b8fb870fdddbd,9256953def6e44afc9f7bc8940e9ab1477bdc0f2,OTA-Bot,135,135,21013,21013,0,0,0,0,0.0,0.0,0.0,15,15,,analises_projeto_lote/OpenTermsArchive_GenAI-versions_67e01af_1756668704/before,analises_projeto_lote/OpenTermsArchive_GenAI-versions_67e01af_1756668704/after,0.0
OpenTermsArchive/GenAI-snapshots,59c42b799c3d75155a9b87ad70d052a8ba5cbedc,a98115fcc9b31fafefeb6a408a319f707307e5c5,OTA-Bot,157,157,64875,64875,0,4509,4509,0,3.854,3.854,0.0,2,2,,analises_projeto_lote/OpenTermsArchive_GenAI-snapshots_59c42b7_1756668717/before,analises_projeto_lote/OpenTermsArchive_GenAI-snapshots_59c42b7_1756668717/after,0.0
OpenTermsArchive/GenAI-snapshots,a98115fcc9b31fafefeb6a408a319f707307e5c5,958bc3c307bf0c8603bddca83311bd127be8078d,OTA-Bot,157,157,64875,64875,0,4509,4509,0,3.854,3.854,0.0,2,2,,analises_projeto_lote/OpenTermsArchive_GenAI-snapshots_a98115f_1756668769/before,analises_projeto_lote/OpenTermsArchive_GenAI-snapshots_a98115f_1756668769/after,0.0
OpenTermsArchive/GenAI-versions,9256953def6e44afc9f7bc8940e9ab1477bdc0f2,e5f6e186b9d9fba84689451d135bbf19bdd995f1,OTA-Bot,135,135,21014,21013,-1,0,0,0,0.0,0.0,0.0,23,24,,analises_projeto_lote/OpenTermsArchive_GenAI-versions_9256953_1756668823/before,analises_projeto_lote/OpenTermsArchive_GenAI-versions_9256953_1756668823/after,0.0
OpenTermsArchive/GenAI-snapshots,958bc3c307bf0c8603bddca83311bd127be8078d,06ef3452bb5a32f15003086597616fdc42b40cb2,OTA-Bot,157,157,64875,64875,0,4509,4509,0,3.854,3.854,0.0,2,2,,analises_projeto_lote/OpenTermsArchive_GenAI-snapshots_958bc3c_1756668836/before,analises_projeto_lote/OpenTermsArchive_GenAI-snapshots_958bc3c_1756668836/after,0.0
OpenTermsArchive/GenAI-snapshots,06ef3452bb5a32f15003086597616fdc42b40cb2,872ddd49a6f933a174cdc2940ab5fc8483c1c2c9,OTA-Bot,157,157,64875,64875,0,4509,4509,0,3.854,3.854,0.0,2,2,,analises_projeto_lote/OpenTermsArchive_GenAI-snapshots_06ef345_1756668888/before,analises_projeto_lote/OpenTermsArchive_GenAI-snapshots_06ef345_1756668888/after,0.0
OpenTermsArchive/GenAI-snapshots,872ddd49a6f933a174cdc2940ab5fc8483c1c2c9,38a55b5fab45a5c3247df6956e6c0003a2279fab,OTA-Bot,157,157,64875,64875,0,4509,4509,0,3.854,3.854,0.0,2,2,,analises_projeto_lote/OpenTermsArchive_GenAI-snapshots_872ddd4_1756668942/before,analises_projeto_lote/OpenTermsArchive_GenAI-snapshots_872ddd4_1756668942/after,0.0
adamlui/chatgpt-widescreen,f53b9c84769d339f6ccb360687ba989df5b7ef60,3e43bcbfc0f445b73315368cae50b8c83f44040d,kudo-sync-bot,458,458,119426,119375,-51,852,852,0,2.196,2.196,0.0,18,69,,analises_projeto_lote/adamlui_chatgpt-widescreen_f53b9c8_1756668995/before,analises_projeto_lote/adamlui_chatgpt-widescreen_f53b9c8_1756668995/after,0.0
adamlui/chatgpt-auto-continue,dbc2748c18abd9b24a9920e625257008c4dffb24,1025876479183969dc27c085f507b0548a948863,kudo-sync-bot,453,453,118982,118930,-52,560,560,0,2.258,2.258,0.0,18,70,,analises_projeto_lote/adamlui_chatgpt-auto-continue_dbc2748_1756669050/before,analises_projeto_lote/adamlui_chatgpt-auto-continue_dbc2748_1756669050/after,0.0
adamlui/chatgpt-infinity,e2c74cc25531c629690438eb49c71ec8dad0c6fc,03432c71d5e6918b72642fd476f1f24c93a0d58c,kudo-sync-bot,487,487,109704,109652,-52,674,674,0,2.167,2.167,0.0,18,70,,analises_projeto_lote/adamlui_chatgpt-infinity_e2c74cc_1756669110/before,analises_projeto_lote/adamlui_chatgpt-infinity_e2c74cc_1756669110/after,0.0
remilatoufik1-byte/dark-control-server,756dda0713d41cab3855ad18e8cde81da2415f29,8f6d7aaf51cfc36fc60cd2e73f6faee8a43260d4,remilatoufik1-byte,11,11,340,344,4,28,29,1,2.8,2.9,0.1,24,19,24.0,analises_projeto_lote/remilatoufik1-byte_dark-control-server_756dda0_1756669179/before,analises_projeto_lote/remilatoufik1-byte_dark-control-server_756dda0_1756669179/after,24.0
symfony/ai-platform,aae8cb99c0584e698fa2d0e4a8eeebefd1d4bb5e,096d639f26cb9e89f83b3ec87ad02042faa6183c,chr-hertel,330,333,14119,14220,101,1770,1782,12,1.859,1.854,-0.005,164,2,13.667,analises_projeto_lote/symfony_ai-platform_aae8cb9_1756669186/before,analises_projeto_lote/symfony_ai-platform_aae8cb9_1756669186/after,13.667
symfony/ai,e7bec238e4f695da16ce00843ad0d7d7100d27b7,087ccb3178ed86b5a6bb9d1eee1cbe365f39b658,chr-hertel,863,867,40677,40796,119,3403,3415,12,1.837,1.835,-0.002,198,2,16.5,analises_projeto_lote/symfony_ai_e7bec23_1756669193/before,analises_projeto_lote/symfony_ai_e7bec23_1756669193/after,16.5
gabrielmoreiradevs/Resume-AI,38f95c4eeb018de47dec0bae195d747330acd143,d0694231e8f97b34dc14559c916abb0397d1f69a,gabrielmoreiradevs,15,18,1327,1386,59,38,43,5,1.31,1.265,-0.045,77,0,15.4,analises_projeto_lote/gabrielmoreiradevs_Resume-AI_38f95c4_1756669204/before,analises_projeto_lote/gabrielmoreiradevs_Resume-AI_38f95c4_1756669204/after,15.4
cathackr/SmartCompute,d95e300d9369cd35b0d8f3ec2f46f38dce1b5ec6,05a7c7d64504fd03a34ccf31e41231cc739ce2de,Cathackr,249,253,33311,34389,1078,3298,3324,26,3.221,3.233,0.012,430,10,16.538,analises_projeto_lote/cathackr_SmartCompute_d95e300_1756669209/before,analises_projeto_lote/cathackr_SmartCompute_d95e300_1756669209/after,16.538
bluegreenmirror/loan-calculator-trial,2f8b9c1868f55d0d175df4f83a7848369fca95d5,41ca8790d15f3f62d574bb80cd4cacf6da650ba9,bluegreenmirror,30,30,1208,1218,10,50,50,0,1.389,1.389,0.0,57,13,,analises_projeto_lote/bluegreenmirror_loan-calculator-trial_2f8b9c1_1756669218/before,analises_projeto_lote/bluegreenmirror_loan-calculator-trial_2f8b9c1_1756669218/after,0.0
FrancescoPuglia/APP-SPORT,1b4cb3c607a248161a2736805ee0a7b2ae95b42b,f7b1f0164e416cd9d15eb1889a4df6d515f8248a,Francesco Puglia,26,33,23987,25809,1822,328,583,255,2.025,2.038,0.013,2283,119,8.953,analises_projeto_lote/FrancescoPuglia_APP-SPORT_1b4cb3c_1756669225/before,analises_projeto_lote/FrancescoPuglia_APP-SPORT_1b4cb3c_1756669225/after,8.953
victorsolmn/Streaks_Flutter,cdc099506a804cb1c5453dc49b39879b05f7628b,a176da70b24683fc29e32a2c19ff509ce9a1dfce,victorsolmn,198,200,31866,33080,1214,1427,1429,2,3.726,3.731,0.005,2198,674,1099.0,analises_projeto_lote/victorsolmn_Streaks_Flutter_cdc0995_1756669233/before,analises_projeto_lote/victorsolmn_Streaks_Flutter_cdc0995_1756669233/after,1099.0
Zoran-IA-Mimetique/Zoran-IA-Suicide-Prevention-EthicChain,ce1b731372274849b833b4cf7ba5c496e3405e2e,af011a353daaa0b441630a9ebcb442309c80ce12,Zoran-IA-Mimetique,2,5,18,35,17,0,0,0,0.0,0.0,0.0,24,0,,analises_projeto_lote/Zoran-IA-Mimetique_Zoran-IA-Suicide-Prevention-EthicChain_ce1b731_1756669244/before,analises_projeto_lote/Zoran-IA-Mimetique_Zoran-IA-Suicide-Prevention-EthicChain_ce1b731_1756669244/after,0.0
better-together-org/community-engine-rails,9fe4132ff23f317f959136fc7ceb1db4acf1e234,ca5e35147eb5958f59b5775ac9e981a5e4180005,rsmithlal,1612,1612,211542,211553,11,4622,4623,1,1.6,1.6,0.0,14,1,14.0,analises_projeto_lote/better-together-org_community-engine-rails_9fe4132_1756669249/before,analises_projeto_lote/better-together-org_community-engine-rails_9fe4132_1756669249/after,14.0
genai-rs/langfuse-ergonomic,2b87553afad110aac59781b125a8a83622abd05f,485318516b338432e499e4e3a65d5eb28e49f7c4,timvw,37,40,4063,4569,506,282,312,30,2.712,2.737,0.025,723,49,24.1,analises_projeto_lote/genai-rs_langfuse-ergonomic_2b87553_1756669649/before,analises_projeto_lote/genai-rs_langfuse-ergonomic_2b87553_1756669649/after,24.1
austeane/austin-site,5f001d45f62ee3a4b981fd5786f02b8d6e0110b4,10468497f66ae85e24d88f93b4d5719d0122690e,Austin Wallace,36,37,8462,8515,53,137,137,0,8.059,8.059,0.0,130,39,,analises_projeto_lote/austeane_austin-site_5f001d4_1756669656/before,analises_projeto_lote/austeane_austin-site_5f001d4_1756669656/after,0.0
pyregence/pyregence,7086d0efc3e751c6a419a449b570238a8391d1b8,0f16b2edbef3a92dc63936d11267de0fb43d065d,drewverlee,153,157,33930,34525,595,13,14,1,1.0,1.0,0.0,668,54,668.0,analises_projeto_lote/pyregence_pyregence_7086d0e_1756669664/before,analises_projeto_lote/pyregence_pyregence_7086d0e_1756669664/after,668.0
Tamoghna12/obsidian-ai-assistant,1d27c5c790258f5fe79912c222b1d6296a536594,3429f1253d0c2db20cd791492e348a671182a592,Tamoghna12,7,27,665,4834,4169,312,197,-115,1.696,1.698,0.002,5614,139,48.817,analises_projeto_lote/Tamoghna12_obsidian-ai-assistant_1d27c5c_1756669675/before,analises_projeto_lote/Tamoghna12_obsidian-ai-assistant_1d27c5c_1756669675/after,48.817
kevinveenbirkenbach/infinito-nexus,db642c1c39f13d649fb09c71f75c254e2721ae36,2fccebbd1fe59fe2a7e358abb608c3c5bb25fb87,kevinveenbirkenbach,1868,1867,56826,56824,-2,3504,3504,0,3.331,3.331,0.0,20,23,,analises_projeto_lote/kevinveenbirkenbach_infinito-nexus_db642c1_1756670301/before,analises_projeto_lote/kevinveenbirkenbach_infinito-nexus_db642c1_1756670301/after,0.0
pireifej/prayoverus-mobile,cded3c1d8e25f69354ff6da62a08842a72903e2a,0573833b3852749c90cc6b6ba475c2a46e1ce1f5,pireifej,134,134,33045,33018,-27,874,874,0,1.525,1.525,0.0,38,69,,analises_projeto_lote/pireifej_prayoverus-mobile_cded3c1_1756670313/before,analises_projeto_lote/pireifej_prayoverus-mobile_cded3c1_1756670313/after,0.0
ipergamali/mysmartroute,1864c539bbbe79f87d4c9dce959160fe56e2f70e,969ce97b0c7110b25989dd4417418cede40ff3e5,ipergamali,0,0,0,0,0,0,0,0,0.0,0.0,0.0,12,12,,analises_projeto_lote/ipergamali_mysmartroute_1864c53_1756670320/before,analises_projeto_lote/ipergamali_mysmartroute_1864c53_1756670320/after,0.0
austeane/austin-site,755bc4f9f4d41e9c83961d95995ce5952506c9e2,9f8b814776cd98ae1c6b11c85c4ebcda123e7fc0,Austin Wallace,24,30,7728,7779,51,136,136,0,8.0,8.0,0.0,43,9,,analises_projeto_lote/austeane_austin-site_755bc4f_1756670330/before,analises_projeto_lote/austeane_austin-site_755bc4f_1756670330/after,0.0
codemucker/govhack_2025,3ba0b4144dbf8de7068394723c49135dba84871d,0c3f775c37f16ac63b1d9218217d0bbacf757150,bertvanbrakel,125,125,39445,39477,32,1177,1180,3,1.578,1.582,0.004,56,16,18.667,analises_projeto_lote/codemucker_govhack_2025_3ba0b41_1756670336/before,analises_projeto_lote/codemucker_govhack_2025_3ba0b41_1756670336/after,18.667
tlon-team/tlon.el,5c3c8f6b8cc18ccfd467393991e1c17baa473789,944489459621c129e045a35972b43710ddc74f2c,benthamite,83,83,33485,33529,44,0,0,0,0.0,0.0,0.0,80,32,,analises_projeto_lote/tlon-team_tlon.el_5c3c8f6_1756670356/before,analises_projeto_lote/tlon-team_tlon.el_5c3c8f6_1756670356/after,0.0
JAGAN666/health-triage-app,97ee85f2bb0a05b6282d461311cd1886fbeb986c,451fb4dbb07356ecf46bf1717990ff89dc82502b,JAGAN666,147,147,38283,38283,0,2915,2915,0,2.002,2.002,0.0,230,29,,analises_projeto_lote/JAGAN666_health-triage-app_97ee85f_1756670966/before,analises_projeto_lote/JAGAN666_health-triage-app_97ee85f_1756670966/after,0.0
kevinveenbirkenbach/infinito-nexus,2fccebbd1fe59fe2a7e358abb608c3c5bb25fb87,c23fbd8ec4ff9c14a809e1b789edb31c0f6283fa,kevinveenbirkenbach,1867,1868,56804,56826,22,3498,3504,6,3.328,3.331,0.003,27,0,4.5,analises_projeto_lote/kevinveenbirkenbach_infinito-nexus_2fccebb_1756670975/before,analises_projeto_lote/kevinveenbirkenbach_infinito-nexus_2fccebb_1756670975/after,4.5
kevinveenbirkenbach/infinito-nexus,c23fbd8ec4ff9c14a809e1b789edb31c0f6283fa,2999d9af770dc99bb3933863c3e29001c8dab32a,kevinveenbirkenbach,1859,1867,56683,56804,121,3498,3498,0,3.328,3.328,0.0,131,0,,analises_projeto_lote/kevinveenbirkenbach_infinito-nexus_c23fbd8_1756670986/before,analises_projeto_lote/kevinveenbirkenbach_infinito-nexus_c23fbd8_1756670986/after,0.0
micahbrochin-debug/sales-ai-tool,e24a2773427e6181e3d5db2c27240e0d8cd2e0ae,df45796f88fe135a67ab7389b947445bd57d56e3,micahbrochin-debug,18,18,8258,8320,62,89,138,49,1.816,2.936,1.12,86,21,1.755,analises_projeto_lote/micahbrochin-debug_sales-ai-tool_e24a277_1756670998/before,analises_projeto_lote/micahbrochin-debug_sales-ai-tool_e24a277_1756670998/after,1.755
kevinveenbirkenbach/infinito-nexus,2999d9af770dc99bb3933863c3e29001c8dab32a,2809ffb9f0950037ede61d41452208e11029b840,kevinveenbirkenbach,1860,1859,56674,56683,9,3498,3498,0,3.328,3.328,0.0,49,30,,analises_projeto_lote/kevinveenbirkenbach_infinito-nexus_2999d9a_1756671004/before,analises_projeto_lote/kevinveenbirkenbach_infinito-nexus_2999d9a_1756671004/after,0.0
okeidar/REAnalysis,7a1b73e0eeb8a37ce4d49e237509bd647b01c839,b5d09d7c8ce15d3aee102a06e10d5ffebbe8cd11,okeidar,69,72,19101,19801,700,1262,1313,51,2.47,2.482,0.012,878,32,17.216,analises_projeto_lote/okeidar_REAnalysis_7a1b73e_1756671017/before,analises_projeto_lote/okeidar_REAnalysis_7a1b73e_1756671017/after,17.216
henryekeocha/skycast-weather-app,a020ef2c0ccecec91aad1f61aa3b32e414c7d1da,82c357400068fabf116dc96135839eda3d96a4fc,henryekeocha108,105,107,36240,36384,144,704,734,30,1.561,1.555,-0.006,384,0,12.8,analises_projeto_lote/henryekeocha_skycast-weather-app_a020ef2_1756671024/before,analises_projeto_lote/henryekeocha_skycast-weather-app_a020ef2_1756671024/after,12.8
sociotechnica-org/work-squared,929022899ab8d7075fad843771396a4d14fb9578,f4bcf559690b2580b007904653f7dad3cd523ec0,jessmartin,377,360,50990,47817,-3173,4169,3586,-583,1.588,1.597,0.009,2852,6421,4.892,analises_projeto_lote/sociotechnica-org_work-squared_9290228_1756671037/before,analises_projeto_lote/sociotechnica-org_work-squared_9290228_1756671037/after,4.892
Franksami/lineartime,0e12c4cd400794dac3cd1b70eb1757395d1d2f14,3f9340ea12e3f335b2293614ab1d01bfd9616d3d,Franksami,389,963,110388,347496,237108,5631,21993,16362,1.854,1.889,0.035,289713,33477,17.706,analises_projeto_lote/Franksami_lineartime_0e12c4c_1756671047/before,analises_projeto_lote/Franksami_lineartime_0e12c4c_1756671047/after,17.706
Dpotr/linkedin_scraper,506b3981330cc855f66017a60770fbcc872c59ea,d3969491b3cfd2af7525cdebce3829270ce12f22,Dmpotr,69,79,6505,8623,2118,526,835,309,13.487,9.94,-3.547,2880,101,9.32,analises_projeto_lote/Dpotr_linkedin_scraper_506b398_1756671132/before,analises_projeto_lote/Dpotr_linkedin_scraper_506b398_1756671132/after,9.32
kmayhew2020/kinda-lang,624faa26c09395e7a70b44e4ef8b58d259586f45,b46c3cfc68d2b3d1967bb57e06d61af8fa622d3e,kmayhew2020,111,113,9920,10421,501,1314,1374,60,2.194,2.174,-0.02,769,92,12.817,analises_projeto_lote/kmayhew2020_kinda-lang_624faa2_1756671139/before,analises_projeto_lote/kmayhew2020_kinda-lang_624faa2_1756671139/after,12.817
kevinveenbirkenbach/infinito-nexus,ba99e558f73595c851454568c475c263ee2daed0,2aed0f97d2aa294a3054faba814ff1edcef948ac,kevinveenbirkenbach,1860,1860,56652,56671,19,3498,3498,0,3.328,3.328,0.0,23,3,,analises_projeto_lote/kevinveenbirkenbach_infinito-nexus_ba99e55_1756671145/before,analises_projeto_lote/kevinveenbirkenbach_infinito-nexus_ba99e55_1756671145/after,0.0
